-- MySQL Script generated by MySQL Workbench
-- Thu Apr 15 20:47:53 2021
-- Model: New Model    Version: 1.0
-- MySQL Workbench Forward Engineering

SET @OLD_UNIQUE_CHECKS=@@UNIQUE_CHECKS, UNIQUE_CHECKS=0;
SET @OLD_FOREIGN_KEY_CHECKS=@@FOREIGN_KEY_CHECKS, FOREIGN_KEY_CHECKS=0;
SET @OLD_SQL_MODE=@@SQL_MODE, SQL_MODE='ONLY_FULL_GROUP_BY,STRICT_TRANS_TABLES,NO_ZERO_IN_DATE,NO_ZERO_DATE,ERROR_FOR_DIVISION_BY_ZERO,NO_ENGINE_SUBSTITUTION';

-- -----------------------------------------------------
-- Schema mydb
-- -----------------------------------------------------
-- -----------------------------------------------------
-- Schema itrojas
-- -----------------------------------------------------
-- 
-- 
DROP SCHEMA IF EXISTS `itrojas` ;

-- -----------------------------------------------------
-- Schema itrojas
--
-- 
-- 
-- -----------------------------------------------------
CREATE SCHEMA IF NOT EXISTS `itrojas` DEFAULT CHARACTER SET utf8 COLLATE utf8_bin ;
USE `itrojas` ;

-- -----------------------------------------------------
-- Table `usuario`
-- -----------------------------------------------------
CREATE TABLE IF NOT EXISTS `usuario` (
  `u_id` VARCHAR(50) NOT NULL,
  `u_nombre` VARCHAR(30) NOT NULL,
  `u_contrasena` VARCHAR(30) NOT NULL,
  `u_jerarquia` INT NOT NULL,
  `u_admin` VARCHAR(50) NOT NULL,
  `u_timestamp` TIMESTAMP NOT NULL DEFAULT  CURRENT_TIMESTAMP ON UPDATE CURRENT_TIMESTAMP,
  PRIMARY KEY (`u_id`))
ENGINE = InnoDB
DEFAULT CHARACTER SET = utf8;


-- -----------------------------------------------------
-- Table `vehiculo`
-- -----------------------------------------------------
CREATE TABLE IF NOT EXISTS `vehiculo` (
  `v_id` INT NOT NULL AUTO_INCREMENT,
  `v_tipo` VARCHAR(50) NOT NULL,
  `v_patente` VARCHAR(50) NOT NULL,
  PRIMARY KEY (`v_id`),
  UNIQUE INDEX `v_patente_UNIQUE` (`v_patente` ASC))
ENGINE = InnoDB
AUTO_INCREMENT = 3
DEFAULT CHARACTER SET = utf8;


-- -----------------------------------------------------
-- Table `formulario`
-- -----------------------------------------------------
CREATE TABLE IF NOT EXISTS `formulario` (
  `f_id` INT NOT NULL AUTO_INCREMENT,
  `f_tipo` VARCHAR(255) NOT NULL,
  `f_date` DATE NOT NULL,
  `f_estado` INT NOT NULL,
  `u_id` VARCHAR(255) NOT NULL,
  PRIMARY KEY (`f_id`),
  INDEX `fk_formulario_usuario_idx` (`u_id` ASC),
  CONSTRAINT `fk_formulario_usuario`
    FOREIGN KEY (`u_id`)
    REFERENCES `usuario` (`u_id`))
ENGINE = InnoDB
AUTO_INCREMENT = 4
DEFAULT CHARACTER SET = utf8;


-- -----------------------------------------------------
-- Table `articulo`
-- -----------------------------------------------------
CREATE TABLE IF NOT EXISTS `articulo` (
  `a_id` INT NOT NULL AUTO_INCREMENT,
  `a_articulo` VARCHAR(50) NOT NULL,
  PRIMARY KEY (`a_id`))
ENGINE = InnoDB;


-- -----------------------------------------------------
-- Table `pregunta`
-- -----------------------------------------------------
CREATE TABLE IF NOT EXISTS `pregunta` (
  `p_id` INT NOT NULL AUTO_INCREMENT,
  `p_titulo` VARCHAR(300) CHARACTER SET 'utf8mb4' NOT NULL,
  `a_id` INT NOT NULL,
  `p_tipo` VARCHAR(1) CHARACTER SET 'utf8mb4' NOT NULL,
  PRIMARY KEY (`p_id`),
  INDEX `fk_preguntas_articulo1_idx` (`a_id` ASC),
  CONSTRAINT `fk_preguntas_articulo1`
    FOREIGN KEY (`a_id`)
    REFERENCES `articulo` (`a_id`)
    ON DELETE NO ACTION
    ON UPDATE NO ACTION)
ENGINE = InnoDB
AUTO_INCREMENT = 6
DEFAULT CHARACTER SET = utf8;


-- -----------------------------------------------------
-- Table `respuesta`
-- -----------------------------------------------------
CREATE TABLE IF NOT EXISTS `respuesta` (
  `r_id` INT NOT NULL,
  `r_respuesta` VARCHAR(255) CHARACTER SET 'utf8mb4' NOT NULL,
  PRIMARY KEY (`r_id`))
ENGINE = InnoDB
DEFAULT CHARACTER SET = utf8;


-- -----------------------------------------------------
-- Table `formulario_has_pregunta`
-- -----------------------------------------------------
CREATE TABLE IF NOT EXISTS `formulario_has_pregunta` (
  `formulario_f_id` INT NOT NULL,
  `preguntas_p_id` INT NOT NULL,
  `respuesta_r_id` INT NOT NULL,
  PRIMARY KEY (`formulario_f_id`, `preguntas_p_id`, `respuesta_r_id`),
  INDEX `fk_formulario_has_preguntas_preguntas1_idx` (`preguntas_p_id` ASC),
  INDEX `fk_formulario_has_preguntas_formulario1_idx` (`formulario_f_id` ASC),
  INDEX `fk_formulario_has_preguntas_respuesta1_idx` (`respuesta_r_id` ASC),
  CONSTRAINT `fk_formulario_has_preguntas_formulario1`
    FOREIGN KEY (`formulario_f_id`)
    REFERENCES `formulario` (`f_id`),
  CONSTRAINT `fk_formulario_has_preguntas_preguntas1`
    FOREIGN KEY (`preguntas_p_id`)
    REFERENCES `pregunta` (`p_id`),
  CONSTRAINT `fk_formulario_has_preguntas_respuesta1`
    FOREIGN KEY (`respuesta_r_id`)
    REFERENCES `respuesta` (`r_id`)
    ON DELETE NO ACTION
    ON UPDATE NO ACTION)
ENGINE = InnoDB
DEFAULT CHARACTER SET = utf8;


-- -----------------------------------------------------
-- Table `semiremolque`
-- -----------------------------------------------------
CREATE TABLE IF NOT EXISTS `semiremolque` (
  `s_id` INT NOT NULL AUTO_INCREMENT,
  `s_tipo` VARCHAR(45) NOT NULL,
  `s_patente` VARCHAR(45) NOT NULL,
  PRIMARY KEY (`s_id`))
ENGINE = InnoDB;


-- -----------------------------------------------------
-- Table `s_has_v`
-- -----------------------------------------------------
CREATE TABLE IF NOT EXISTS `s_has_v` (
  `semiremolque_s_id` INT NOT NULL,
  `vehiculo_v_id` INT NOT NULL,
  `formulario_f_id` INT NOT NULL,
  PRIMARY KEY (`semiremolque_s_id`, `vehiculo_v_id`, `formulario_f_id`),
  INDEX `fk_semiremolque_has_vehiculo_vehiculo1_idx` (`vehiculo_v_id` ASC),
  INDEX `fk_semiremolque_has_vehiculo_semiremolque1_idx` (`semiremolque_s_id` ASC),
  INDEX `fk_s_has_v_formulario1_idx` (`formulario_f_id` ASC),
  CONSTRAINT `fk_semiremolque_has_vehiculo_semiremolque1`
    FOREIGN KEY (`semiremolque_s_id`)
    REFERENCES `semiremolque` (`s_id`)
    ON DELETE NO ACTION
    ON UPDATE NO ACTION,
  CONSTRAINT `fk_semiremolque_has_vehiculo_vehiculo1`
    FOREIGN KEY (`vehiculo_v_id`)
    REFERENCES `vehiculo` (`v_id`)
    ON DELETE NO ACTION
    ON UPDATE NO ACTION,
  CONSTRAINT `fk_s_has_v_formulario1`
    FOREIGN KEY (`formulario_f_id`)
    REFERENCES `formulario` (`f_id`)
    ON DELETE NO ACTION
    ON UPDATE NO ACTION)
ENGINE = InnoDB;


SET SQL_MODE=@OLD_SQL_MODE;
SET FOREIGN_KEY_CHECKS=@OLD_FOREIGN_KEY_CHECKS;
SET UNIQUE_CHECKS=@OLD_UNIQUE_CHECKS;

-- -----------------------------------------------------
-- Data for table `usuario`
-- -----------------------------------------------------
START TRANSACTION;
USE `itrojas`;
INSERT INTO `usuario` (`u_id`, `u_nombre`, `u_contrasena`, `u_jerarquia`, `u_admin`, `u_timestamp`) VALUES ('1', 'namco', '1', 3, '1', DEFAULT);

COMMIT;


-- -----------------------------------------------------
-- Data for table `vehiculo`
-- -----------------------------------------------------
START TRANSACTION;
USE `itrojas`;
INSERT INTO `vehiculo` (`v_id`, `v_tipo`, `v_patente`) VALUES (4, 'COMODIN', 'COMODIN');
INSERT INTO `vehiculo` (`v_id`, `v_tipo`, `v_patente`) VALUES (5, 'KENWORTH 2009', 'CC RC-92 ');
INSERT INTO `vehiculo` (`v_id`, `v_tipo`, `v_patente`) VALUES (6, 'KENWORTH 2010', 'CD PB-29');
INSERT INTO `vehiculo` (`v_id`, `v_tipo`, `v_patente`) VALUES (7, 'SCANIA 2013', 'DZ ZF-27');
INSERT INTO `vehiculo` (`v_id`, `v_tipo`, `v_patente`) VALUES (8, 'SCANIA 2013', 'DZ ZF-28');
INSERT INTO `vehiculo` (`v_id`, `v_tipo`, `v_patente`) VALUES (9, 'SCANIA 2013', 'DZ ZF-29');
INSERT INTO `vehiculo` (`v_id`, `v_tipo`, `v_patente`) VALUES (10, 'SCANIA 2013', 'FH YP-33');
INSERT INTO `vehiculo` (`v_id`, `v_tipo`, `v_patente`) VALUES (11, 'SCANIA 2013', 'FH YP-35');
INSERT INTO `vehiculo` (`v_id`, `v_tipo`, `v_patente`) VALUES (12, 'SCANIA 2013', 'FH KP-19');
INSERT INTO `vehiculo` (`v_id`, `v_tipo`, `v_patente`) VALUES (13, 'VOLVO 2012', 'DR XR-43');
INSERT INTO `vehiculo` (`v_id`, `v_tipo`, `v_patente`) VALUES (14, 'VOLVO 2012', 'DR XP-82');
INSERT INTO `vehiculo` (`v_id`, `v_tipo`, `v_patente`) VALUES (15, 'VOLVO 2012', 'DS BT-84');
INSERT INTO `vehiculo` (`v_id`, `v_tipo`, `v_patente`) VALUES (16, 'VOLVO 2012', 'DS BT-85');
INSERT INTO `vehiculo` (`v_id`, `v_tipo`, `v_patente`) VALUES (17, 'VOLVO 2012', 'DH YW-20');
INSERT INTO `vehiculo` (`v_id`, `v_tipo`, `v_patente`) VALUES (18, 'VOLVO 2012', 'DH YW-21');
INSERT INTO `vehiculo` (`v_id`, `v_tipo`, `v_patente`) VALUES (19, 'VOLVO 2012', 'DH YW-34');
INSERT INTO `vehiculo` (`v_id`, `v_tipo`, `v_patente`) VALUES (20, 'VOLVO 2013', 'DV KG-80');
INSERT INTO `vehiculo` (`v_id`, `v_tipo`, `v_patente`) VALUES (21, 'MERCEDES 2012', 'DK DG-65');
INSERT INTO `vehiculo` (`v_id`, `v_tipo`, `v_patente`) VALUES (22, 'MERCEDES 2012', 'DK DG-66');

COMMIT;


-- -----------------------------------------------------
-- Data for table `articulo`
-- -----------------------------------------------------
START TRANSACTION;
USE `itrojas`;
INSERT INTO `articulo` (`a_id`, `a_articulo`) VALUES (1, 'BATEA');
INSERT INTO `articulo` (`a_id`, `a_articulo`) VALUES (2, 'RAMPA');
INSERT INTO `articulo` (`a_id`, `a_articulo`) VALUES (3, 'ESTIBA');
INSERT INTO `articulo` (`a_id`, `a_articulo`) VALUES (4, 'CAMA BAJA');
INSERT INTO `articulo` (`a_id`, `a_articulo`) VALUES (5, 'ELEMENTOS AMARRE');

COMMIT;


-- -----------------------------------------------------
-- Data for table `pregunta`
-- -----------------------------------------------------
START TRANSACTION;
USE `itrojas`;
INSERT INTO `pregunta` (`p_id`, `p_titulo`, `a_id`, `p_tipo`) VALUES (1, 'Cilindro Hidráulico', 1, 'M');
INSERT INTO `pregunta` (`p_id`, `p_titulo`, `a_id`, `p_tipo`) VALUES (2, 'Tanque de aceite Hidráulico', 1, 'M');
INSERT INTO `pregunta` (`p_id`, `p_titulo`, `a_id`, `p_tipo`) VALUES (3, 'Válvula reguladora de aire eje levante', 1, 'M');
INSERT INTO `pregunta` (`p_id`, `p_titulo`, `a_id`, `p_tipo`) VALUES (4, 'Manómetros', 1, 'M');
INSERT INTO `pregunta` (`p_id`, `p_titulo`, `a_id`, `p_tipo`) VALUES (5, 'Eje levante neumático', 1, 'M');
INSERT INTO `pregunta` (`p_id`, `p_titulo`, `a_id`, `p_tipo`) VALUES (6, 'Suspensión neumática eje levante', 1, 'M');
INSERT INTO `pregunta` (`p_id`, `p_titulo`, `a_id`, `p_tipo`) VALUES (7, 'Frenos', 1, 'M');
INSERT INTO `pregunta` (`p_id`, `p_titulo`, `a_id`, `p_tipo`) VALUES (8, 'Mangueras de aire', 1, 'M');
INSERT INTO `pregunta` (`p_id`, `p_titulo`, `a_id`, `p_tipo`) VALUES (9, 'Perno Rey', 1, 'M');
INSERT INTO `pregunta` (`p_id`, `p_titulo`, `a_id`, `p_tipo`) VALUES (10, 'Sistema Eléctrico', 1, 'M');
INSERT INTO `pregunta` (`p_id`, `p_titulo`, `a_id`, `p_tipo`) VALUES (11, 'Portalón cerrado y trabado (Seguros)', 1, 'M');
INSERT INTO `pregunta` (`p_id`, `p_titulo`, `a_id`, `p_tipo`) VALUES (12, 'Pata de Apoyo (Manivela)', 1, 'M');
INSERT INTO `pregunta` (`p_id`, `p_titulo`, `a_id`, `p_tipo`) VALUES (13, 'Porta Repuestos', 1, 'M');
INSERT INTO `pregunta` (`p_id`, `p_titulo`, `a_id`, `p_tipo`) VALUES (14, 'Estado de Neumáticos', 1, 'M');
INSERT INTO `pregunta` (`p_id`, `p_titulo`, `a_id`, `p_tipo`) VALUES (15, 'Tolva', 1, 'M');
INSERT INTO `pregunta` (`p_id`, `p_titulo`, `a_id`, `p_tipo`) VALUES (16, 'Chasis', 1, 'M');
INSERT INTO `pregunta` (`p_id`, `p_titulo`, `a_id`, `p_tipo`) VALUES (17, 'Observaciones:', 1, 'O');
INSERT INTO `pregunta` (`p_id`, `p_titulo`, `a_id`, `p_tipo`) VALUES (18, 'Pared oxidada o deformada', 2, 'M');
INSERT INTO `pregunta` (`p_id`, `p_titulo`, `a_id`, `p_tipo`) VALUES (19, 'Parte Fisurada que pone en peligro la integridad del comportamiento de la carga', 2, 'M');
INSERT INTO `pregunta` (`p_id`, `p_titulo`, `a_id`, `p_tipo`) VALUES (20, 'Resistencia insuficiente (certificado o etiqueta si procede)', 2, 'M');
INSERT INTO `pregunta` (`p_id`, `p_titulo`, `a_id`, `p_tipo`) VALUES (21, 'Parte fisurada; faltan bisagras o cerraduras, o no funcionan', 2, 'M');
INSERT INTO `pregunta` (`p_id`, `p_titulo`, `a_id`, `p_tipo`) VALUES (22, 'Resistencia insuficiente del soporte (certificado o etiqueta si procede)', 2, 'M');
INSERT INTO `pregunta` (`p_id`, `p_titulo`, `a_id`, `p_tipo`) VALUES (23, 'Altura insuficiente en relación con la carga transportada', 2, 'M');
INSERT INTO `pregunta` (`p_id`, `p_titulo`, `a_id`, `p_tipo`) VALUES (24, 'Mal estado de las barandas laterales', 2, 'M');
INSERT INTO `pregunta` (`p_id`, `p_titulo`, `a_id`, `p_tipo`) VALUES (25, 'Parte fisurada', 2, 'M');
INSERT INTO `pregunta` (`p_id`, `p_titulo`, `a_id`, `p_tipo`) VALUES (26, 'Parte oxidada o deformada; mal estado de pernos de sujeción', 2, 'M');
INSERT INTO `pregunta` (`p_id`, `p_titulo`, `a_id`, `p_tipo`) VALUES (27, 'Resistencia insuficiente (certificado o etiqueta si procede)', 2, 'M');
INSERT INTO `pregunta` (`p_id`, `p_titulo`, `a_id`, `p_tipo`) VALUES (28, 'Altura insuficiente en relación con la carga transportada', 2, 'M');
INSERT INTO `pregunta` (`p_id`, `p_titulo`, `a_id`, `p_tipo`) VALUES (29, 'Mal estado o diseño', 2, 'M');
INSERT INTO `pregunta` (`p_id`, `p_titulo`, `a_id`, `p_tipo`) VALUES (30, 'No pueden soportar las fuerzas de amarre necesarias', 2, 'M');
INSERT INTO `pregunta` (`p_id`, `p_titulo`, `a_id`, `p_tipo`) VALUES (31, 'Número insuficiente', 2, 'M');
INSERT INTO `pregunta` (`p_id`, `p_titulo`, `a_id`, `p_tipo`) VALUES (32, 'Número insuficiente para soportar las fuerzas de amarre necesarias', 2, 'M');
INSERT INTO `pregunta` (`p_id`, `p_titulo`, `a_id`, `p_tipo`) VALUES (33, 'Mal estado, dañado', 2, 'M');
INSERT INTO `pregunta` (`p_id`, `p_titulo`, `a_id`, `p_tipo`) VALUES (34, 'Parte fisurada; no apto para soportar la carga', 2, 'M');
INSERT INTO `pregunta` (`p_id`, `p_titulo`, `a_id`, `p_tipo`) VALUES (35, 'Limite de carga insuficiente', 2, 'M');
INSERT INTO `pregunta` (`p_id`, `p_titulo`, `a_id`, `p_tipo`) VALUES (36, 'No apto para soportar la carga', 2, 'M');
INSERT INTO `pregunta` (`p_id`, `p_titulo`, `a_id`, `p_tipo`) VALUES (37, 'Observaciones', 2, 'O');
INSERT INTO `pregunta` (`p_id`, `p_titulo`, `a_id`, `p_tipo`) VALUES (38, 'La carga está en condiciones de ser transportada', 3, 'M');
INSERT INTO `pregunta` (`p_id`, `p_titulo`, `a_id`, `p_tipo`) VALUES (39, 'Los elementos de embalaje y protección de la carga estan en buenas condiciones', 3, 'M');
INSERT INTO `pregunta` (`p_id`, `p_titulo`, `a_id`, `p_tipo`) VALUES (40, 'Las bases o atriles de la carga cuenta con puntos para sujeción indicada por el proveedor', 3, 'M');
INSERT INTO `pregunta` (`p_id`, `p_titulo`, `a_id`, `p_tipo`) VALUES (41, 'El atril, pallet se encuentra perfectamente anclado o afianzado a la carga', 3, 'M');
INSERT INTO `pregunta` (`p_id`, `p_titulo`, `a_id`, `p_tipo`) VALUES (42, 'La carga a transportar no presenta objetos que se puedan caer durante el servicio', 3, 'M');
INSERT INTO `pregunta` (`p_id`, `p_titulo`, `a_id`, `p_tipo`) VALUES (43, 'La carga se encuentra libre de residuos industriales y filtraciones', 3, 'M');
INSERT INTO `pregunta` (`p_id`, `p_titulo`, `a_id`, `p_tipo`) VALUES (44, 'La carga no presenta daños, rayas, golpes y deformaciones', 3, 'M');
INSERT INTO `pregunta` (`p_id`, `p_titulo`, `a_id`, `p_tipo`) VALUES (45, 'La carga al ser levantada no sufrió daños, rayas, golpes y deformaciones', 3, 'M');
INSERT INTO `pregunta` (`p_id`, `p_titulo`, `a_id`, `p_tipo`) VALUES (46, 'Tengo la cantidad necesaria de cadenas y/o fajas para brindar sujeción a la carga', 3, 'M');
INSERT INTO `pregunta` (`p_id`, `p_titulo`, `a_id`, `p_tipo`) VALUES (47, 'Amarre inadecuado de carga', 3, 'M');
INSERT INTO `pregunta` (`p_id`, `p_titulo`, `a_id`, `p_tipo`) VALUES (48, 'Ubicación inadecuada de la carga en semirremolque', 3, 'M');
INSERT INTO `pregunta` (`p_id`, `p_titulo`, `a_id`, `p_tipo`) VALUES (49, 'Demasiada distancia de la carga con las paredes laterales de semirremolque (+15cm)', 3, 'M');
INSERT INTO `pregunta` (`p_id`, `p_titulo`, `a_id`, `p_tipo`) VALUES (50, 'Demasiada distancia de la carga con la pared frontal de semirremolque (+15cm)', 3, 'M');
INSERT INTO `pregunta` (`p_id`, `p_titulo`, `a_id`, `p_tipo`) VALUES (51, 'Demasiada distancia de la carga con la pared posterior de semirremolque (+15cm)', 3, 'M');
INSERT INTO `pregunta` (`p_id`, `p_titulo`, `a_id`, `p_tipo`) VALUES (52, 'Inadecuados dispositivos de retención de la carga (Cuñas, durmiente, goma)', 3, 'M');
INSERT INTO `pregunta` (`p_id`, `p_titulo`, `a_id`, `p_tipo`) VALUES (53, 'Elementos de amarre (eslingas, cadenas) totalmente inadecuado al tipo de carga', 3, 'M');
INSERT INTO `pregunta` (`p_id`, `p_titulo`, `a_id`, `p_tipo`) VALUES (54, 'Separación o espacios libres de cargas demasiado amplios', 3, 'M');
INSERT INTO `pregunta` (`p_id`, `p_titulo`, `a_id`, `p_tipo`) VALUES (55, 'Falta la etiqueta (por ejemplo placa/remolque) / esta dañada pero el dispositivo funciona adecuadamente', 3, 'M');
INSERT INTO `pregunta` (`p_id`, `p_titulo`, `a_id`, `p_tipo`) VALUES (56, 'Falta la etiqueta (por ejemplo placa/remolque) / esta dañada y el dispositivo esta muy deteriorado', 3, 'M');
INSERT INTO `pregunta` (`p_id`, `p_titulo`, `a_id`, `p_tipo`) VALUES (57, 'No existen dispositivos de sujeción de la carga. (Conexiones, cáncamos, grilletes)', 3, 'M');
INSERT INTO `pregunta` (`p_id`, `p_titulo`, `a_id`, `p_tipo`) VALUES (58, 'Dispositivos de sujeción de carga muy deteriorados y que no son ya apropiados para el uso. (Conexiones, cáncamos, grilletes)', 3, 'M');
INSERT INTO `pregunta` (`p_id`, `p_titulo`, `a_id`, `p_tipo`) VALUES (59, 'Tornos de amarre semirremolque utilizados de forma incorrecta', 3, 'M');
INSERT INTO `pregunta` (`p_id`, `p_titulo`, `a_id`, `p_tipo`) VALUES (60, 'Tornos de amarre semirremolque defectuosos', 3, 'M');
INSERT INTO `pregunta` (`p_id`, `p_titulo`, `a_id`, `p_tipo`) VALUES (61, 'Falta de protección de eslingas, cadenas por la exposición de aristas bordes, orillas filosas de carga. (Fundas)', 3, 'M');
INSERT INTO `pregunta` (`p_id`, `p_titulo`, `a_id`, `p_tipo`) VALUES (62, 'Uso defectuoso de eslingas, cadenas. (Por ejemplo nudos)', 3, 'M');
INSERT INTO `pregunta` (`p_id`, `p_titulo`, `a_id`, `p_tipo`) VALUES (63, 'Fijación de los dispositivos de retención de la carga inadecuada', 3, 'M');
INSERT INTO `pregunta` (`p_id`, `p_titulo`, `a_id`, `p_tipo`) VALUES (64, 'Tengo el material antideslizante necesario para el tipo de carga', 3, 'M');
INSERT INTO `pregunta` (`p_id`, `p_titulo`, `a_id`, `p_tipo`) VALUES (65, 'Se emplea un equipo defectuoso para el tipo de carga', 3, 'M');
INSERT INTO `pregunta` (`p_id`, `p_titulo`, `a_id`, `p_tipo`) VALUES (66, 'Número insuficiente de eslingas, cadenas para soportar las fuerzas de amarre necesarias para la carga', 3, 'M');
INSERT INTO `pregunta` (`p_id`, `p_titulo`, `a_id`, `p_tipo`) VALUES (67, 'Resistencia insuficiente de lonas o carpas para carga', 3, 'M');
INSERT INTO `pregunta` (`p_id`, `p_titulo`, `a_id`, `p_tipo`) VALUES (68, 'Lonas o carpas deterioradas', 3, 'M');
INSERT INTO `pregunta` (`p_id`, `p_titulo`, `a_id`, `p_tipo`) VALUES (70, 'Observaciones', 3, 'O');
INSERT INTO `pregunta` (`p_id`, `p_titulo`, `a_id`, `p_tipo`) VALUES (71, 'Gancho de sustentación cuello desmontable', 4, 'M');
INSERT INTO `pregunta` (`p_id`, `p_titulo`, `a_id`, `p_tipo`) VALUES (72, 'Cilindros de elevación cuello y plataforma cuello desmontable', 4, 'M');
INSERT INTO `pregunta` (`p_id`, `p_titulo`, `a_id`, `p_tipo`) VALUES (73, 'Pernos de seguridad cuello desmontable', 4, 'M');
INSERT INTO `pregunta` (`p_id`, `p_titulo`, `a_id`, `p_tipo`) VALUES (74, 'Estado de palancas de elevación plataforma', 4, 'M');
INSERT INTO `pregunta` (`p_id`, `p_titulo`, `a_id`, `p_tipo`) VALUES (75, 'Estado de palancas de elevación de cuello', 4, 'M');
INSERT INTO `pregunta` (`p_id`, `p_titulo`, `a_id`, `p_tipo`) VALUES (76, 'Estado de acoples línea neumática', 4, 'M');
INSERT INTO `pregunta` (`p_id`, `p_titulo`, `a_id`, `p_tipo`) VALUES (77, 'Telares laminados fisurado que ponen en peligro la integridad del comportamiento de la carga', 4, 'M');
INSERT INTO `pregunta` (`p_id`, `p_titulo`, `a_id`, `p_tipo`) VALUES (78, 'Resistencia insuficiente del soporte (certificado o etiqueta si procede)', 4, 'M');
INSERT INTO `pregunta` (`p_id`, `p_titulo`, `a_id`, `p_tipo`) VALUES (79, 'No apta para la carga transportada', 4, 'M');
INSERT INTO `pregunta` (`p_id`, `p_titulo`, `a_id`, `p_tipo`) VALUES (80, 'Caja de herramientas en mal estado, dañada', 4, 'M');
INSERT INTO `pregunta` (`p_id`, `p_titulo`, `a_id`, `p_tipo`) VALUES (81, 'Parte oxidada o deformada; mal estado de bisagras o cerraduras', 4, 'M');
INSERT INTO `pregunta` (`p_id`, `p_titulo`, `a_id`, `p_tipo`) VALUES (82, 'Fisuras laterales, tapa de protección', 4, 'M');
INSERT INTO `pregunta` (`p_id`, `p_titulo`, `a_id`, `p_tipo`) VALUES (83, 'Focos dañados', 4, 'M');
INSERT INTO `pregunta` (`p_id`, `p_titulo`, `a_id`, `p_tipo`) VALUES (84, 'Sistema eléctrico operativo', 4, 'M');
INSERT INTO `pregunta` (`p_id`, `p_titulo`, `a_id`, `p_tipo`) VALUES (85, 'Ampolletas operativas', 4, 'M');
INSERT INTO `pregunta` (`p_id`, `p_titulo`, `a_id`, `p_tipo`) VALUES (86, 'Porta repuesto en mal estado, dañado', 4, 'M');
INSERT INTO `pregunta` (`p_id`, `p_titulo`, `a_id`, `p_tipo`) VALUES (87, 'Pernos de seguridad porta repuesto', 4, 'M');
INSERT INTO `pregunta` (`p_id`, `p_titulo`, `a_id`, `p_tipo`) VALUES (88, 'Mástil vertical de sujeción porta repuesto', 4, 'M');
INSERT INTO `pregunta` (`p_id`, `p_titulo`, `a_id`, `p_tipo`) VALUES (89, 'Tablones en mal estado, dañado', 4, 'M');
INSERT INTO `pregunta` (`p_id`, `p_titulo`, `a_id`, `p_tipo`) VALUES (90, 'Partes fisuradas de tablones; No apto para soportar carga', 4, 'M');
INSERT INTO `pregunta` (`p_id`, `p_titulo`, `a_id`, `p_tipo`) VALUES (91, 'Tablones no aptos para soportar carga', 4, 'M');
INSERT INTO `pregunta` (`p_id`, `p_titulo`, `a_id`, `p_tipo`) VALUES (92, 'Gancho de amarre en mal estado o diseño inadecuado', 4, 'M');
INSERT INTO `pregunta` (`p_id`, `p_titulo`, `a_id`, `p_tipo`) VALUES (93, 'No pueden soportar las fuerzas de amarre necesarias', 4, 'M');
INSERT INTO `pregunta` (`p_id`, `p_titulo`, `a_id`, `p_tipo`) VALUES (94, 'Número insuficiente para soportar las fuerzas de amarre necesarias', 4, 'M');
INSERT INTO `pregunta` (`p_id`, `p_titulo`, `a_id`, `p_tipo`) VALUES (95, 'Tornamesa de quinta rueda presenta fisuras o fracturas', 4, 'M');
INSERT INTO `pregunta` (`p_id`, `p_titulo`, `a_id`, `p_tipo`) VALUES (96, 'Perno rey tiene desgastes, esta perpendicular a la quinta rueda (90ª)', 4, 'M');
INSERT INTO `pregunta` (`p_id`, `p_titulo`, `a_id`, `p_tipo`) VALUES (97, 'La altura a la quinta rueda es la adecuada al semirremolque y camion', 4, 'M');
INSERT INTO `pregunta` (`p_id`, `p_titulo`, `a_id`, `p_tipo`) VALUES (98, 'Rampa de acceso con parte oxidada o deformada; mal estado de bisagras o cerradura', 4, 'M');
INSERT INTO `pregunta` (`p_id`, `p_titulo`, `a_id`, `p_tipo`) VALUES (99, 'Parte fisurada; faltan bisagras o cerraduras, o no funcionan', 4, 'M');
INSERT INTO `pregunta` (`p_id`, `p_titulo`, `a_id`, `p_tipo`) VALUES (100, 'Mala resistencia o diseño', 4, 'M');
INSERT INTO `pregunta` (`p_id`, `p_titulo`, `a_id`, `p_tipo`) VALUES (101, 'Paquetes de resorte de suspensión mecánica adecuadas', 4, 'M');
INSERT INTO `pregunta` (`p_id`, `p_titulo`, `a_id`, `p_tipo`) VALUES (102, 'Amortiguadores en mal estado o dañados', 4, 'M');
INSERT INTO `pregunta` (`p_id`, `p_titulo`, `a_id`, `p_tipo`) VALUES (103, 'Pernos, pasadores, tensores en buen estado', 4, 'M');
INSERT INTO `pregunta` (`p_id`, `p_titulo`, `a_id`, `p_tipo`) VALUES (104, 'Observaciones', 4, 'O');
INSERT INTO `pregunta` (`p_id`, `p_titulo`, `a_id`, `p_tipo`) VALUES (105, 'Verificar que la eslinga este con el color del mes correspondiente al trimestre', 5, 'M');
INSERT INTO `pregunta` (`p_id`, `p_titulo`, `a_id`, `p_tipo`) VALUES (106, 'Verificar que la eslinga cuenta con tabla de carga máxima según ángulos de trabajo en la cual se va a utilizar. No usar cuando no tenga identificación o esta resulte ilegible', 5, 'M');
INSERT INTO `pregunta` (`p_id`, `p_titulo`, `a_id`, `p_tipo`) VALUES (107, 'Verificar que la eslinga no presente desgastes excesivos en su estructura, tejido y si presenta elongación normal.', 5, 'M');
INSERT INTO `pregunta` (`p_id`, `p_titulo`, `a_id`, `p_tipo`) VALUES (108, 'Verificar que la eslinga no presente cambios en su coloración, que no esté quemada producto del calor, quemaduras con ácido, que no presente manchas de pintura o grasa', 5, 'M');
INSERT INTO `pregunta` (`p_id`, `p_titulo`, `a_id`, `p_tipo`) VALUES (109, 'Verifique que: No presente agujeros, rasguños, cortes o alguna particula adherida. No tenga costuras gastadas en los empalmes. No tenga nudos. No estén quemadas por efecto de algún ácido y en general, presenten cualquier daño que pongan en duda su resistencia', 5, 'M');
INSERT INTO `pregunta` (`p_id`, `p_titulo`, `a_id`, `p_tipo`) VALUES (110, 'Verificar que la eslinga no presente cortes y no se vea el alma', 5, 'M');
INSERT INTO `pregunta` (`p_id`, `p_titulo`, `a_id`, `p_tipo`) VALUES (111, 'Se utilizan elementos protectores adecuados (Cubre cantos de madera o goma para proteger la eslinga de bordes filosos o abrasivos y el roce de la carga, con riesgo de corte repentino de la eslinga)', 5, 'M');
INSERT INTO `pregunta` (`p_id`, `p_titulo`, `a_id`, `p_tipo`) VALUES (112, 'Observaciones', 5, 'O');

COMMIT;


-- -----------------------------------------------------
-- Data for table `respuesta`
-- -----------------------------------------------------
START TRANSACTION;
USE `itrojas`;
INSERT INTO `respuesta` (`r_id`, `r_respuesta`) VALUES (1, 'No aplica');
INSERT INTO `respuesta` (`r_id`, `r_respuesta`) VALUES (2, 'Leve');
INSERT INTO `respuesta` (`r_id`, `r_respuesta`) VALUES (3, 'Grave');
INSERT INTO `respuesta` (`r_id`, `r_respuesta`) VALUES (4, 'Peligrosa');
INSERT INTO `respuesta` (`r_id`, `r_respuesta`) VALUES (5, 'Si');
INSERT INTO `respuesta` (`r_id`, `r_respuesta`) VALUES (6, 'No');

COMMIT;


-- -----------------------------------------------------
-- Data for table `semiremolque`
-- -----------------------------------------------------
START TRANSACTION;
USE `itrojas`;
INSERT INTO `semiremolque` (`s_id`, `s_tipo`, `s_patente`) VALUES (2, 'CAMA BAJA', 'JF-6482');
INSERT INTO `semiremolque` (`s_id`, `s_tipo`, `s_patente`) VALUES (3, 'CAMA BAJA', 'JN-9417');
INSERT INTO `semiremolque` (`s_id`, `s_tipo`, `s_patente`) VALUES (4, 'CAMA BAJA', 'JN-9418');
INSERT INTO `semiremolque` (`s_id`, `s_tipo`, `s_patente`) VALUES (5, 'CAMA BAJA', 'JF-3277');
INSERT INTO `semiremolque` (`s_id`, `s_tipo`, `s_patente`) VALUES (6, 'CAMA BAJA', 'JJ-4655');
INSERT INTO `semiremolque` (`s_id`, `s_tipo`, `s_patente`) VALUES (7, 'CAMA BAJA', 'JD-6374');
INSERT INTO `semiremolque` (`s_id`, `s_tipo`, `s_patente`) VALUES (8, 'CAMA BAJA', 'JG-4805');
INSERT INTO `semiremolque` (`s_id`, `s_tipo`, `s_patente`) VALUES (9, 'CAMA BAJA', 'JA-5209');
INSERT INTO `semiremolque` (`s_id`, `s_tipo`, `s_patente`) VALUES (10, 'CAMA BAJA', 'KDJV-38');
INSERT INTO `semiremolque` (`s_id`, `s_tipo`, `s_patente`) VALUES (11, 'CAMA BAJA', 'JD-6321');
INSERT INTO `semiremolque` (`s_id`, `s_tipo`, `s_patente`) VALUES (12, 'CAMA BAJA', 'JD-6301');
INSERT INTO `semiremolque` (`s_id`, `s_tipo`, `s_patente`) VALUES (13, 'CAMA BAJA', 'JD-6331');
INSERT INTO `semiremolque` (`s_id`, `s_tipo`, `s_patente`) VALUES (14, 'CAMA BAJA', 'JL-3387');
INSERT INTO `semiremolque` (`s_id`, `s_tipo`, `s_patente`) VALUES (15, 'CAMA BAJA', 'JJ-5436');
INSERT INTO `semiremolque` (`s_id`, `s_tipo`, `s_patente`) VALUES (16, 'CAMA BAJA', 'JK4923');
INSERT INTO `semiremolque` (`s_id`, `s_tipo`, `s_patente`) VALUES (17, 'BATEA', 'JB-7301');
INSERT INTO `semiremolque` (`s_id`, `s_tipo`, `s_patente`) VALUES (18, 'BATEA', 'JB-7303');
INSERT INTO `semiremolque` (`s_id`, `s_tipo`, `s_patente`) VALUES (19, 'BATEA', 'JB-7307');
INSERT INTO `semiremolque` (`s_id`, `s_tipo`, `s_patente`) VALUES (20, 'BATEA', 'JB-7319');
INSERT INTO `semiremolque` (`s_id`, `s_tipo`, `s_patente`) VALUES (21, 'BATEA', 'JB-7320');
INSERT INTO `semiremolque` (`s_id`, `s_tipo`, `s_patente`) VALUES (22, 'BATEA', 'JB-7321');
INSERT INTO `semiremolque` (`s_id`, `s_tipo`, `s_patente`) VALUES (23, 'BATEA', 'JD-6324');
INSERT INTO `semiremolque` (`s_id`, `s_tipo`, `s_patente`) VALUES (24, 'BATEA', 'JD-6325');
INSERT INTO `semiremolque` (`s_id`, `s_tipo`, `s_patente`) VALUES (25, 'BATEA', 'JN-4923');
INSERT INTO `semiremolque` (`s_id`, `s_tipo`, `s_patente`) VALUES (26, 'BATEA', 'JF-7036');
INSERT INTO `semiremolque` (`s_id`, `s_tipo`, `s_patente`) VALUES (27, 'BATEA', 'JG-8164');
INSERT INTO `semiremolque` (`s_id`, `s_tipo`, `s_patente`) VALUES (28, 'BATEA', 'HXHH-72');
INSERT INTO `semiremolque` (`s_id`, `s_tipo`, `s_patente`) VALUES (29, 'BATEA', 'HXHH-73');
INSERT INTO `semiremolque` (`s_id`, `s_tipo`, `s_patente`) VALUES (30, 'BATEA', 'JK-9159');
INSERT INTO `semiremolque` (`s_id`, `s_tipo`, `s_patente`) VALUES (31, 'RAMPLA', 'JA-5296');
INSERT INTO `semiremolque` (`s_id`, `s_tipo`, `s_patente`) VALUES (32, 'RAMPLA', 'JA-5306');
INSERT INTO `semiremolque` (`s_id`, `s_tipo`, `s_patente`) VALUES (33, 'RAMPLA', 'JA-5307');
INSERT INTO `semiremolque` (`s_id`, `s_tipo`, `s_patente`) VALUES (34, 'RAMPLA', 'JA-5310');
INSERT INTO `semiremolque` (`s_id`, `s_tipo`, `s_patente`) VALUES (35, 'RAMPLA', 'JD 6287');
INSERT INTO `semiremolque` (`s_id`, `s_tipo`, `s_patente`) VALUES (36, 'RAMPLA', 'JD-6293');
INSERT INTO `semiremolque` (`s_id`, `s_tipo`, `s_patente`) VALUES (37, 'RAMPLA', 'JD-6294');
INSERT INTO `semiremolque` (`s_id`, `s_tipo`, `s_patente`) VALUES (38, 'RAMPLA', 'JD-6295');
INSERT INTO `semiremolque` (`s_id`, `s_tipo`, `s_patente`) VALUES (39, 'RAMPLA', 'JD-6297');
INSERT INTO `semiremolque` (`s_id`, `s_tipo`, `s_patente`) VALUES (40, 'RAMPLA', 'JD6298');
INSERT INTO `semiremolque` (`s_id`, `s_tipo`, `s_patente`) VALUES (41, 'RAMPLA', 'JD-6300');
INSERT INTO `semiremolque` (`s_id`, `s_tipo`, `s_patente`) VALUES (42, 'RAMPLA', 'JD-6332');
INSERT INTO `semiremolque` (`s_id`, `s_tipo`, `s_patente`) VALUES (43, 'RAMPLA', 'JD-6333');
INSERT INTO `semiremolque` (`s_id`, `s_tipo`, `s_patente`) VALUES (44, 'RAMPLA', 'JD-6334');
INSERT INTO `semiremolque` (`s_id`, `s_tipo`, `s_patente`) VALUES (45, 'RAMPLA', 'JD-6365');
INSERT INTO `semiremolque` (`s_id`, `s_tipo`, `s_patente`) VALUES (46, 'RAMPLA', 'JD-6366');
INSERT INTO `semiremolque` (`s_id`, `s_tipo`, `s_patente`) VALUES (47, 'RAMPLA', 'JD-6367');
INSERT INTO `semiremolque` (`s_id`, `s_tipo`, `s_patente`) VALUES (48, 'RAMPLA', 'JE-4175');
INSERT INTO `semiremolque` (`s_id`, `s_tipo`, `s_patente`) VALUES (49, 'RAMPLA', 'JE-4189');
INSERT INTO `semiremolque` (`s_id`, `s_tipo`, `s_patente`) VALUES (50, 'RAMPLA', 'JE-4190');
INSERT INTO `semiremolque` (`s_id`, `s_tipo`, `s_patente`) VALUES (51, 'RAMPLA', 'JF-9307');
INSERT INTO `semiremolque` (`s_id`, `s_tipo`, `s_patente`) VALUES (52, 'RAMPLA', 'JF-9308');
INSERT INTO `semiremolque` (`s_id`, `s_tipo`, `s_patente`) VALUES (53, 'RAMPLA', 'JF-9309');
INSERT INTO `semiremolque` (`s_id`, `s_tipo`, `s_patente`) VALUES (54, 'RAMPLA', 'JG 4810');
INSERT INTO `semiremolque` (`s_id`, `s_tipo`, `s_patente`) VALUES (55, 'RAMPLA', 'JG-4811');
INSERT INTO `semiremolque` (`s_id`, `s_tipo`, `s_patente`) VALUES (56, 'RAMPLA', 'JG 4814');
INSERT INTO `semiremolque` (`s_id`, `s_tipo`, `s_patente`) VALUES (57, 'RAMPLA', 'JG 4815');
INSERT INTO `semiremolque` (`s_id`, `s_tipo`, `s_patente`) VALUES (58, 'RAMPLA', 'JG 4816');
INSERT INTO `semiremolque` (`s_id`, `s_tipo`, `s_patente`) VALUES (59, 'RAMPLA', 'JG 4817');
INSERT INTO `semiremolque` (`s_id`, `s_tipo`, `s_patente`) VALUES (60, 'RAMPLA', 'JG 4821');
INSERT INTO `semiremolque` (`s_id`, `s_tipo`, `s_patente`) VALUES (61, 'RAMPLA', 'JG 4822');
INSERT INTO `semiremolque` (`s_id`, `s_tipo`, `s_patente`) VALUES (62, 'RAMPLA', 'JG 4823');
INSERT INTO `semiremolque` (`s_id`, `s_tipo`, `s_patente`) VALUES (63, 'RAMPLA', 'JG 4824');
INSERT INTO `semiremolque` (`s_id`, `s_tipo`, `s_patente`) VALUES (64, 'RAMPLA', 'JG 4830');
INSERT INTO `semiremolque` (`s_id`, `s_tipo`, `s_patente`) VALUES (65, 'RAMPLA', 'JG 4831');
INSERT INTO `semiremolque` (`s_id`, `s_tipo`, `s_patente`) VALUES (66, 'RAMPLA', 'JG 4832');
INSERT INTO `semiremolque` (`s_id`, `s_tipo`, `s_patente`) VALUES (67, 'RAMPLA', 'JG 4833');
INSERT INTO `semiremolque` (`s_id`, `s_tipo`, `s_patente`) VALUES (68, 'RAMPLA', 'JG4834');
INSERT INTO `semiremolque` (`s_id`, `s_tipo`, `s_patente`) VALUES (69, 'RAMPLA', 'JG 4835');
INSERT INTO `semiremolque` (`s_id`, `s_tipo`, `s_patente`) VALUES (70, 'RAMPLA', 'JG-4836');
INSERT INTO `semiremolque` (`s_id`, `s_tipo`, `s_patente`) VALUES (71, 'RAMPLA', 'JG-4837');
INSERT INTO `semiremolque` (`s_id`, `s_tipo`, `s_patente`) VALUES (72, 'RAMPLA', 'JG-4841');
INSERT INTO `semiremolque` (`s_id`, `s_tipo`, `s_patente`) VALUES (73, 'RAMPLA', 'JH-8881');
INSERT INTO `semiremolque` (`s_id`, `s_tipo`, `s_patente`) VALUES (74, 'RAMPLA', 'JH-8882');
INSERT INTO `semiremolque` (`s_id`, `s_tipo`, `s_patente`) VALUES (75, 'RAMPLA', 'JH-8883');
INSERT INTO `semiremolque` (`s_id`, `s_tipo`, `s_patente`) VALUES (76, 'RAMPLA', 'JH-8884');
INSERT INTO `semiremolque` (`s_id`, `s_tipo`, `s_patente`) VALUES (77, 'RAMPLA', 'JH-8885');
INSERT INTO `semiremolque` (`s_id`, `s_tipo`, `s_patente`) VALUES (78, 'RAMPLA', 'JH-8886');
INSERT INTO `semiremolque` (`s_id`, `s_tipo`, `s_patente`) VALUES (79, 'RAMPLA', 'JH-8887');
INSERT INTO `semiremolque` (`s_id`, `s_tipo`, `s_patente`) VALUES (80, 'RAMPLA', 'JH-8888');
INSERT INTO `semiremolque` (`s_id`, `s_tipo`, `s_patente`) VALUES (81, 'RAMPLA', 'JH-8889');
INSERT INTO `semiremolque` (`s_id`, `s_tipo`, `s_patente`) VALUES (82, 'RAMPLA', 'JH-8890');
INSERT INTO `semiremolque` (`s_id`, `s_tipo`, `s_patente`) VALUES (83, 'RAMPLA', 'JH-8891');
INSERT INTO `semiremolque` (`s_id`, `s_tipo`, `s_patente`) VALUES (84, 'RAMPLA', 'JH-8892');
INSERT INTO `semiremolque` (`s_id`, `s_tipo`, `s_patente`) VALUES (85, 'RAMPLA', 'JH-8893');
INSERT INTO `semiremolque` (`s_id`, `s_tipo`, `s_patente`) VALUES (86, 'RAMPLA', 'JH-8894');
INSERT INTO `semiremolque` (`s_id`, `s_tipo`, `s_patente`) VALUES (87, 'RAMPLA', 'JH-8895');
INSERT INTO `semiremolque` (`s_id`, `s_tipo`, `s_patente`) VALUES (88, 'RAMPLA', 'JH-9912');
INSERT INTO `semiremolque` (`s_id`, `s_tipo`, `s_patente`) VALUES (89, 'RAMPLA', 'JJ-2062');
INSERT INTO `semiremolque` (`s_id`, `s_tipo`, `s_patente`) VALUES (90, 'RAMPLA', 'JA-4907');
INSERT INTO `semiremolque` (`s_id`, `s_tipo`, `s_patente`) VALUES (91, 'RAMPLA', 'JA-4908');
INSERT INTO `semiremolque` (`s_id`, `s_tipo`, `s_patente`) VALUES (92, 'RAMPLA', 'JA-4909');
INSERT INTO `semiremolque` (`s_id`, `s_tipo`, `s_patente`) VALUES (93, 'RAMPLA', 'JA-5210');

COMMIT;

